,0
booking_lead_days,0.595664889096358
previous_appointments,-0.060052952791298526
previous_no_shows,0.3065851420511066
distance_to_clinic_km,0.16721604696876027
booking_month,-0.0747454616776202
booking_day_of_week,-0.0520515454245085
booking_day_of_year,0.0
booking_week_of_year,0.10861892537342127
appointment_month,-0.1939756019089487
appointment_day_of_year,0.21295597724227824
appointment_week_of_year,-0.042906240142054616
gender_Male,-0.00516609394485028
gender_Prefer not to say,-0.20484256852368465
age_group_25-34,-0.032485902757380274
age_group_35-44,-0.05423582270518912
age_group_45-54,-0.0691359447451152
age_group_55-64,0.0
age_group_65+,-0.12565280018704314
appointment_type_Follow-up,0.10411523031531365
appointment_type_General Consultation,-0.17703180408285898
appointment_type_Specialist Consultation,-0.08768065830269663
appointment_day_Monday,0.1668299412397854
appointment_day_Saturday,0.13070970525238243
appointment_day_Sunday,0.1420654720818243
appointment_day_Thursday,0.22138631935208336
appointment_day_Tuesday,0.010684174418441113
appointment_day_Wednesday,0.25885463805027575
appointment_time_Evening,0.06243731135238104
appointment_time_Morning,-0.06309186187579233
reminder_sent_Yes,-0.004413634942658059
reminder_channel_No Reminder,0.23237606238332545
reminder_channel_SMS,-0.04130043380310466
reminder_channel_WhatsApp,0.13115610347273116
is_sunday_appointment_1,0.026230867193379647
