appointment_id,actual_outcome,predicted_no_show_probability,predicted_class
0,0,0.471442733268553,0
1,0,0.5805207861572179,1
2,1,0.5126924378984511,1
3,0,0.43358225748263163,0
4,1,0.7338815433169127,1
5,1,0.292196487649659,0
6,1,0.27357462221110995,0
7,0,0.2031672362098299,0
8,0,0.39893572497638796,0
9,0,0.6223810432567699,1
10,1,0.7304550920364964,1
11,1,0.6147630069264258,1
12,0,0.46283623123719525,0
13,0,0.6528658727236152,1
14,0,0.25678482838585104,0
15,1,0.5208848501464979,1
16,0,0.4115818202660014,0
17,0,0.5327241891181757,1
18,1,0.3554421836997729,0
19,0,0.5752496155906134,1
20,0,0.5222475321022465,1
21,0,0.24290596510454143,0
22,0,0.2863114552242373,0
23,0,0.2767025721362108,0
24,0,0.19118570641084545,0
25,1,0.6446578930882925,1
26,1,0.5738635812995305,1
27,0,0.33105869217334705,0
28,1,0.3287501737287451,0
29,0,0.4772874554640081,0
30,1,0.7767001020495445,1
31,1,0.5464087720011395,1
32,0,0.4600719068317124,0
33,1,0.6200911170840312,1
34,0,0.428066427736158,0
35,0,0.31889309904081165,0
36,0,0.18138338705364396,0
37,0,0.298204262201002,0
38,1,0.47298452534981966,0
39,0,0.5950201073360987,1
40,1,0.6961788058750754,1
41,0,0.20951324905055133,0
42,1,0.5638746946828602,1
43,0,0.4948398477126635,0
44,0,0.4969175506395386,0
45,1,0.4453410682737852,0
46,0,0.6397831045939109,1
47,0,0.24193994982548583,0
48,0,0.5682943998953602,1
49,0,0.5288806309202572,1
50,1,0.5510567038564107,1
51,1,0.662898579923673,1
52,0,0.548130560218067,1
53,1,0.7730691287584659,1
54,0,0.3417208579999643,0
55,0,0.5060307026244804,1
56,1,0.41177844920857276,0
57,1,0.598044255683076,1
58,1,0.3317473162067696,0
59,0,0.3953071264659659,0
60,0,0.33983029317326147,0
61,0,0.30878759090706775,0
62,0,0.3990753953219706,0
63,1,0.44910931058977793,0
64,1,0.2878063332845791,0
65,1,0.6693617630423381,1
66,1,0.7144567791929506,1
67,1,0.581485314896848,1
68,0,0.22044419460963247,0
69,0,0.3349459430252337,0
70,1,0.5204695485447167,1
71,0,0.2973480944105956,0
72,0,0.43112394409419935,0
73,0,0.5346248954496522,1
74,0,0.39946161858785334,0
75,1,0.6126006417835393,1
76,1,0.5434321407541148,1
77,1,0.6350796564815984,1
78,0,0.7405894839556814,1
79,1,0.2618863077012917,0
80,1,0.6223070603360896,1
81,0,0.45755815998469573,0
82,0,0.6152486098949379,1
83,0,0.5773573780204426,1
84,1,0.8018352365776565,1
85,0,0.1655048641237444,0
86,0,0.5368494640029305,1
87,0,0.46975408581853567,0
88,0,0.6555163280241082,1
89,0,0.22813582275614377,0
90,1,0.5798499845646112,1
91,0,0.6360895207166385,1
92,0,0.434838829792232,0
93,1,0.6407386874513344,1
94,0,0.33513588508249886,0
95,0,0.27866105901929983,0
96,1,0.5485978208917507,1
97,1,0.4047215468858062,0
98,1,0.5944642544152242,1
99,0,0.5307359819920233,1
100,0,0.47089342147896524,0
101,0,0.6199689570603204,1
102,0,0.6952556050800354,1
103,1,0.7829345125695044,1
104,1,0.4145021036699557,0
105,0,0.5639267138658158,1
106,0,0.405185809791534,0
107,1,0.6749014735204824,1
108,0,0.5926429212630281,1
109,1,0.577247048396238,1
110,1,0.44574860654443316,0
111,0,0.21592223089008764,0
112,1,0.43048856286778964,0
113,0,0.4087950375286401,0
114,0,0.5007996647576473,1
115,1,0.2919962758662887,0
116,0,0.48826886929066426,0
117,0,0.3683308598147704,0
118,0,0.5630395048176938,1
119,1,0.2762935265404734,0
120,1,0.3999663164355588,0
121,0,0.46655313316294783,0
122,0,0.30075034495794883,0
123,0,0.3117069663881352,0
124,0,0.33415161852449554,0
125,1,0.43000485705777997,0
126,0,0.3750652916983584,0
127,0,0.5964973726777352,1
128,1,0.7073634827890604,1
129,1,0.7869711256600684,1
130,0,0.2676222582033775,0
131,0,0.4540593230438199,0
132,0,0.5707937401598341,1
133,1,0.36014032265867657,0
134,0,0.27271086945370543,0
135,0,0.2128067334950613,0
136,1,0.5786855526869318,1
137,0,0.41341031172926984,0
138,1,0.6149907336217995,1
139,0,0.21686246394026049,0
140,0,0.38344750825637086,0
141,0,0.6085285810478764,1
142,1,0.3505101601475366,0
143,0,0.28159424719601056,0
144,0,0.5942186491875294,1
145,0,0.3826448934379381,0
146,1,0.616551874018473,1
147,1,0.8778996119297813,1
148,1,0.5960485982984802,1
149,0,0.6400226024580921,1
150,1,0.794321237815053,1
151,0,0.2847028130044244,0
152,1,0.4903261035009612,0
153,0,0.4321902594530558,0
154,1,0.5040388010735397,1
155,1,0.6119416434744146,1
156,0,0.7696914255827387,1
157,1,0.395548805155591,0
158,1,0.7321432493975584,1
159,0,0.6491238472535884,1
160,1,0.8360731163206898,1
161,0,0.49469101646934116,0
162,0,0.2979271693615111,0
163,1,0.2750544007365427,0
164,0,0.5873866423614544,1
165,0,0.28004839979000284,0
166,1,0.692526908975613,1
167,0,0.45800338483430136,0
168,0,0.6585860268646858,1
169,0,0.5899105948202863,1
170,0,0.41451004641080924,0
171,1,0.4000027674412328,0
172,1,0.5705522726701303,1
173,1,0.4522679315947819,0
174,1,0.33443586572105,0
175,0,0.7950151965748828,1
176,1,0.7686094954630935,1
177,0,0.2690749914535537,0
178,1,0.5002672745608303,1
179,1,0.6674122580337922,1
180,1,0.4359137267814089,0
181,0,0.27990863278623357,0
182,0,0.354713639051695,0
183,1,0.7240302611144612,1
184,1,0.7631023550779603,1
185,0,0.36194267853500184,0
186,0,0.717961199246387,1
187,1,0.2914341268565794,0
188,1,0.37414544090690555,0
189,0,0.6488053066266655,1
190,0,0.4029099312357636,0
191,1,0.6949108181692455,1
192,1,0.8622690877406981,1
193,0,0.2776024055119658,0
194,0,0.4992100512808466,0
195,0,0.2196213391231861,0
196,0,0.6311948296006757,1
197,1,0.5685088818394886,1
198,1,0.44545155467660935,0
199,1,0.6419574317213257,1
200,1,0.6120604714766344,1
201,0,0.3372827872082712,0
202,1,0.6360232404262882,1
203,1,0.5185999597590186,1
204,1,0.6188864739871952,1
205,1,0.34755966016725165,0
206,0,0.24941123667667175,0
207,0,0.5407914912232946,1
208,1,0.8264775585039119,1
209,0,0.20909115097965025,0
210,1,0.6097303144536234,1
211,1,0.6376441934966824,1
212,1,0.42588946593422217,0
213,0,0.3828418482569214,0
214,1,0.69927194344356,1
215,0,0.6021546086597135,1
216,0,0.3618346973922879,0
217,0,0.2757168520195775,0
218,0,0.38552318508038885,0
219,1,0.6294950632341394,1
220,1,0.7252797951464276,1
221,0,0.2232814543298335,0
222,0,0.38145396691500133,0
223,1,0.3808728992105939,0
224,0,0.3337361825257027,0
225,1,0.6955508047387672,1
226,0,0.5871908882434098,1
227,0,0.6137320135781487,1
228,1,0.46043412454833005,0
229,1,0.4326974463457257,0
230,0,0.5371880697392065,1
231,1,0.6753562659870715,1
232,0,0.6926359199476589,1
233,1,0.565299806024706,1
234,0,0.27932257511942665,0
235,1,0.4555373653764243,0
236,0,0.21786188944052598,0
237,0,0.5681808710692567,1
238,0,0.7335915509952743,1
239,0,0.6830717962398516,1
240,1,0.5565630285691299,1
241,1,0.4998714643410287,0
242,0,0.558891830923991,1
243,1,0.3406927139264223,0
244,1,0.7391828515737746,1
245,0,0.547437659847312,1
246,1,0.6670470236538879,1
247,0,0.6153811087168616,1
248,0,0.5495299140117017,1
249,0,0.4412916629850715,0
250,0,0.2544185939819758,0
251,1,0.5061561363822463,1
252,0,0.3851439414719529,0
253,0,0.6787417306928993,1
254,0,0.6371260004845472,1
255,1,0.3206740197566235,0
256,0,0.3389663353146504,0
257,0,0.30227348094762924,0
258,0,0.6644646686391993,1
259,1,0.6371648447886884,1
260,1,0.5992329684157545,1
261,0,0.5137774444333769,1
262,0,0.3604988540404681,0
263,1,0.2349414266096943,0
264,0,0.3364271782686961,0
265,0,0.35631875966247933,0
266,0,0.2524819110849001,0
267,0,0.5792015079729432,1
268,1,0.6299765220571643,1
269,1,0.5947401370237664,1
270,1,0.4826347790133068,0
271,0,0.451980410123465,0
272,0,0.6283287558410108,1
273,0,0.19894379250627794,0
274,1,0.314105749818155,0
275,0,0.37143854406425186,0
276,1,0.4941830895897654,0
277,1,0.6075169405376776,1
278,1,0.7272049710819228,1
279,0,0.6451154203958779,1
280,1,0.2274794683200976,0
281,1,0.7866954944991931,1
282,0,0.21049617538587126,0
283,1,0.6537813090988486,1
284,0,0.5437886190557022,1
285,1,0.21200929501422885,0
286,0,0.2523718907936527,0
287,0,0.3277008306611749,0
288,0,0.22385499682178905,0
289,0,0.32831226996786034,0
290,0,0.5547344729655446,1
291,0,0.6176138338828331,1
292,1,0.6966793134173481,1
293,1,0.8157838321950018,1
294,1,0.42562747654700434,0
295,0,0.48552693612970305,0
296,0,0.6634815108970878,1
297,1,0.719344705610676,1
298,0,0.6206032545535388,1
299,1,0.7036800342630247,1
300,1,0.5211977145112187,1
301,1,0.4903157043594415,0
302,1,0.3023937257040766,0
303,0,0.5273710329249968,1
304,1,0.7845505376202713,1
305,0,0.23499836631989762,0
306,1,0.3648560058210942,0
307,1,0.601077312959813,1
308,0,0.6776186705165838,1
309,1,0.5013127482793699,1
310,1,0.4338753734249266,0
311,0,0.5653148386391585,1
312,0,0.6779077670460786,1
313,1,0.5051864161211911,1
314,0,0.5257204998236605,1
315,1,0.4055678987221569,0
316,1,0.45239194610067707,0
317,0,0.44488444362963425,0
318,0,0.67728601278977,1
319,1,0.5083576414139795,1
320,1,0.5716992346949901,1
321,0,0.5829734451632476,1
322,0,0.6794053237654843,1
323,0,0.39095923601499144,0
324,1,0.4232384827080699,0
325,1,0.19611297589802446,0
326,0,0.25924159908682326,0
327,0,0.8735930673101,1
328,0,0.5199060928851797,1
329,0,0.6161749445385011,1
330,0,0.4591773502937223,0
331,0,0.3848963732491169,0
332,1,0.3941451129286676,0
333,1,0.6940274054239514,1
334,0,0.33764032317053727,0
335,0,0.2595477873973022,0
336,0,0.6915876606124701,1
337,0,0.2796606084267916,0
338,0,0.4645858057702619,0
339,1,0.2999060783920129,0
340,1,0.7606852386787463,1
341,1,0.7384970133757935,1
342,0,0.27616560366581056,0
343,0,0.30169076914218107,0
344,1,0.5207842023043863,1
345,1,0.6957235475283088,1
346,0,0.4793090575968862,0
347,0,0.5473978823851668,1
348,0,0.3835709261199896,0
349,1,0.5815774893342157,1
350,1,0.6504227925415902,1
351,1,0.49286360769203996,0
352,0,0.3675386374272164,0
353,1,0.39188397813158155,0
354,1,0.6343598899817823,1
355,0,0.39544718123519207,0
356,0,0.31680725165325946,0
357,1,0.8345691671718032,1
358,1,0.4862415687523266,0
359,0,0.5704925290960207,1
360,1,0.7795538103696709,1
361,1,0.7205138234639178,1
362,1,0.5047542902934842,1
363,0,0.36763564442148927,0
364,1,0.4158261202416234,0
365,0,0.31059628932982075,0
366,0,0.4224277111399442,0
367,0,0.7969289970060767,1
368,1,0.6018453334563709,1
369,0,0.25801540052388905,0
370,1,0.7016627976787582,1
371,0,0.49323992743962136,0
372,0,0.6693293720015725,1
373,0,0.48543839045358556,0
374,1,0.733671302950554,1
375,1,0.6260766405166623,1
376,0,0.5912924740115917,1
377,0,0.3214272090107294,0
378,1,0.38655995854599123,0
379,1,0.599449591602764,1
380,1,0.42502065061203526,0
381,1,0.7377884280676108,1
382,1,0.694248811068952,1
383,1,0.727004895276011,1
384,1,0.694554769670756,1
385,0,0.3931713039702003,0
386,1,0.7890264864075455,1
387,0,0.3023001133692877,0
388,1,0.5899594870181044,1
389,1,0.7178780248749022,1
390,1,0.7766017620358894,1
391,1,0.6610899724653618,1
392,0,0.4584701130784923,0
393,1,0.37065982978199424,0
394,0,0.6938299150978422,1
395,0,0.19711753363412515,0
396,1,0.5701162836857705,1
397,0,0.3739568668653073,0
398,1,0.5378086051867124,1
399,0,0.21798125155899276,0
400,1,0.692846957860924,1
401,1,0.7047628779015523,1
402,1,0.4030783908153572,0
403,0,0.6417180976704631,1
404,0,0.4726073359747717,0
405,1,0.5817887904765282,1
406,1,0.6441424724585499,1
407,1,0.7046618955322327,1
408,0,0.21958632121540697,0
409,1,0.7407065136382088,1
410,0,0.5834847359148798,1
411,0,0.4034957022716416,0
412,1,0.6085540767730968,1
413,1,0.49414409394475123,0
414,1,0.3064682333125659,0
415,1,0.3625283442428555,0
416,0,0.3883646993870069,0
417,0,0.6954626575001898,1
418,1,0.6023266672218756,1
419,0,0.6049458657023308,1
420,0,0.3727546969214798,0
421,0,0.4318022185008191,0
422,1,0.5056243766028977,1
423,1,0.630447396790651,1
424,1,0.4371950281670892,0
425,1,0.671255095095969,1
426,1,0.5505009863244109,1
427,1,0.4095366250759502,0
428,0,0.7155543137472831,1
429,1,0.4977181700358563,0
430,1,0.7762234126118785,1
431,1,0.3030879673246614,0
432,0,0.36929255350290774,0
433,0,0.43733387022084935,0
434,0,0.6524752309445668,1
435,0,0.6244947355173179,1
436,1,0.34866620729381426,0
437,0,0.6195322998538777,1
438,0,0.48276926066545,0
439,1,0.7533731139624655,1
440,1,0.70088422104287,1
441,1,0.7300176807010028,1
442,1,0.643969086148592,1
443,0,0.5106771577533087,1
444,1,0.5525744913926499,1
445,1,0.7174267813325185,1
446,1,0.6676245157640412,1
447,1,0.6579357552265904,1
448,0,0.5650157866949423,1
449,1,0.6856569956055855,1
450,0,0.5729497460621997,1
451,0,0.20778916198661568,0
452,0,0.7977191733542087,1
453,0,0.6467149548579346,1
454,1,0.6298053364805366,1
455,1,0.5332813727602298,1
456,1,0.37999231411584344,0
457,0,0.6455475147909121,1
458,0,0.20469699519412202,0
459,0,0.3304257317007614,0
460,0,0.34359112845979706,0
461,0,0.41834096348399386,0
462,0,0.47536610495135234,0
463,1,0.45918168145243343,0
464,1,0.32984110498143,0
465,1,0.6546231146555774,1
466,1,0.3234554057845596,0
467,1,0.5981750114409069,1
468,1,0.3998631859380355,0
469,1,0.7205568393273675,1
470,0,0.6107312602172661,1
471,1,0.7757396220235966,1
472,0,0.6809783887031033,1
473,0,0.374946395979249,0
474,0,0.5126865836839627,1
475,0,0.662961782967874,1
476,0,0.5116981355252067,1
477,0,0.3916212419370859,0
478,1,0.7928248025778498,1
479,1,0.5059764468019319,1
480,0,0.43567889849864,0
481,0,0.48592463962147475,0
482,1,0.41081933891204775,0
483,0,0.6478711592905761,1
484,1,0.6748947021622412,1
485,0,0.509921912574103,1
486,1,0.5877577391584693,1
487,0,0.39588272892993365,0
488,1,0.5347945634309468,1
489,1,0.6142232847287424,1
490,1,0.5401589273441415,1
491,1,0.6766510145925886,1
492,1,0.5946356508238447,1
493,1,0.5507501741941379,1
494,1,0.4499107716626598,0
495,1,0.5319257174778835,1
496,1,0.4162238664526166,0
497,1,0.7088833571033999,1
498,1,0.6213074489791851,1
499,1,0.39401417407453565,0
500,0,0.4054477227456701,0
501,0,0.3575607784923548,0
502,1,0.4965396306547112,0
503,0,0.2773773839389957,0
504,1,0.5328152208856946,1
505,0,0.6484086301770664,1
506,0,0.4493506831276136,0
507,1,0.4544426472589348,0
508,0,0.6099509370718301,1
509,1,0.7519247138232665,1
510,0,0.19338849199524488,0
511,1,0.479378493466444,0
512,0,0.6888622988575989,1
513,1,0.4240209975481071,0
514,1,0.7581227043148431,1
515,1,0.7352061564358118,1
516,1,0.6294126659155231,1
517,0,0.576390553658727,1
518,0,0.596471343905338,1
519,0,0.47857224654279507,0
520,0,0.5996744042219821,1
521,1,0.3441358364636522,0
522,0,0.6307950277354875,1
523,0,0.33954450782210305,0
524,1,0.4174413016103867,0
525,1,0.7049854915002258,1
526,1,0.7028944840183863,1
527,1,0.3254176539242703,0
528,1,0.6440116558240914,1
529,1,0.8023697324703339,1
530,0,0.5330175150790172,1
531,1,0.5022536790257004,1
532,1,0.3619338505641958,0
533,1,0.2705372455246329,0
534,0,0.3602426153913697,0
535,1,0.7019012045550145,1
536,1,0.5116684194131259,1
537,0,0.39814011118034254,0
538,1,0.6413029763446563,1
539,1,0.4026665449497325,0
540,0,0.2256410865930201,0
541,0,0.6407034500711245,1
542,0,0.37777262166560865,0
543,0,0.23970247775594425,0
544,0,0.47949413286021597,0
545,1,0.3322049094906318,0
546,0,0.4077279321878766,0
547,0,0.40565921830079443,0
548,0,0.3100353588818454,0
549,0,0.3063130410484528,0
550,1,0.566701911167531,1
551,1,0.7454554387746107,1
552,0,0.6689347051542358,1
553,0,0.3182870910474196,0
554,0,0.3014895863641361,0
555,1,0.8182802389517749,1
556,0,0.5842148332416522,1
557,1,0.3798066206981945,0
558,0,0.8079592734532061,1
559,1,0.34582444594317363,0
560,1,0.4653993002487733,0
561,1,0.7198695028406153,1
562,0,0.3439662131796391,0
563,1,0.726812748243939,1
564,1,0.6520396398649121,1
565,1,0.5417989743780979,1
566,1,0.4690036613713557,0
567,1,0.5336963743110674,1
568,1,0.6652567260148435,1
569,0,0.6997699995694131,1
570,0,0.5498412867559734,1
571,1,0.7379972629930112,1
572,1,0.33732901574583585,0
573,0,0.5857555885910726,1
574,1,0.2737392452924659,0
575,0,0.5605385516414012,1
576,0,0.5700225762923571,1
577,0,0.30169531913351955,0
578,0,0.4535729195045631,0
579,0,0.2745619405928367,0
580,0,0.6043236700784202,1
581,1,0.7386841024737608,1
582,1,0.8794545683103144,1
583,0,0.16165536894271995,0
584,1,0.7803556997543694,1
585,1,0.3141978215015999,0
586,1,0.4168224055424192,0
587,0,0.4208487633354167,0
588,1,0.45603826639240247,0
589,0,0.2438271937426246,0
590,1,0.30809467665510576,0
591,1,0.5409339219932413,1
592,1,0.4853716495751614,0
593,1,0.7499273731349165,1
594,0,0.6720562546010446,1
595,1,0.49946091436450063,0
596,1,0.4863916350356962,0
597,1,0.5900880186432848,1
598,0,0.4762814505364666,0
599,1,0.6344275307575238,1
600,1,0.5168975905905869,1
601,1,0.7697492755551654,1
602,1,0.7571624561271929,1
603,1,0.6173289577137159,1
604,0,0.5246776038969296,1
605,0,0.21289669780769968,0
606,0,0.3758084943370912,0
607,1,0.4446179684905712,0
608,0,0.7024172061313585,1
609,0,0.32571822135945494,0
610,1,0.6594840391569354,1
611,0,0.4915186468319143,0
612,1,0.35330233625690105,0
613,0,0.33550685157631616,0
614,1,0.2970891491016643,0
615,0,0.4136883764662543,0
616,0,0.38305113054899675,0
617,0,0.5632256146458012,1
618,0,0.492900159718701,0
619,0,0.6931344579392134,1
620,0,0.5684092348005241,1
621,0,0.27786341032243295,0
622,0,0.39488652206755614,0
623,1,0.5627551593698478,1
624,0,0.5095037075008301,1
625,0,0.3009100555328337,0
626,0,0.7309361044548313,1
627,1,0.63623092703702,1
628,1,0.6730337802478255,1
629,1,0.20586067626216886,0
630,1,0.40903774197467924,0
631,1,0.5662662140216171,1
632,0,0.5089874606708259,1
633,0,0.6301151248173851,1
634,1,0.6664170065987072,1
635,1,0.7018648442708346,1
636,0,0.2157733327407639,0
637,1,0.6343328977188234,1
638,1,0.339157082414735,0
639,1,0.6636275696955511,1
640,1,0.5028145285845512,1
641,1,0.6222746685313861,1
642,1,0.7764673636110472,1
643,0,0.6502413445135992,1
644,1,0.6457696559434413,1
645,1,0.6277489983572239,1
646,1,0.6655777621124436,1
647,1,0.6412197314167146,1
648,0,0.4467446468364078,0
649,0,0.3323645746710508,0
650,1,0.3899857831140999,0
651,0,0.3895244869940224,0
652,1,0.6637813207850952,1
653,1,0.2614855024631913,0
654,1,0.7041254372079753,1
655,1,0.4784133916619475,0
656,1,0.7322605884477014,1
657,0,0.5542895444244119,1
658,0,0.49257473997126555,0
659,0,0.3678223889509693,0
660,1,0.3129610786446922,0
661,1,0.6862502113278205,1
662,0,0.2820024904753285,0
663,0,0.5986565641329813,1
664,1,0.6532244440159493,1
665,1,0.3308800972564635,0
666,0,0.7611907595316553,1
667,1,0.8383755667647622,1
668,0,0.26959950405687516,0
669,0,0.805847862414595,1
670,0,0.31218504243314,0
671,1,0.7606679613118774,1
672,1,0.3180533772245622,0
673,0,0.3911079153235141,0
674,0,0.4044211714870379,0
675,1,0.6034454562225716,1
676,0,0.3284001233985179,0
677,1,0.568031864439896,1
678,0,0.527709723110609,1
679,1,0.477081095885548,0
680,1,0.38952194992523465,0
681,0,0.18072475858388704,0
682,1,0.32173461418950805,0
683,0,0.23754564362589925,0
684,0,0.7808643050161346,1
685,1,0.625709551567693,1
686,0,0.7342681052758728,1
687,0,0.3247966754285892,0
688,0,0.6264649460028721,1
689,1,0.5219364019617861,1
690,0,0.5544270023313632,1
691,1,0.6868078925759719,1
692,0,0.3362154947068194,0
693,1,0.5991868857565095,1
694,0,0.6331956091113666,1
695,0,0.6239932261296738,1
696,1,0.6109847991737783,1
697,1,0.8235769502713762,1
698,1,0.5535367419679795,1
699,1,0.5254664165421056,1
700,0,0.3131094067437716,0
701,1,0.40036766256888867,0
702,0,0.35377002011248276,0
703,0,0.6686995239084363,1
704,1,0.43323728723349736,0
705,1,0.6540041259506366,1
706,1,0.6642337908394448,1
707,1,0.3758149365866622,0
708,1,0.24416612554353545,0
709,1,0.5211973055660404,1
710,0,0.3792851906935998,0
711,1,0.7286657012653336,1
712,0,0.3238866665874463,0
713,0,0.2722625401639045,0
714,1,0.404991272255448,0
715,1,0.6109206248310537,1
716,1,0.7432550109065915,1
717,1,0.5326151548896647,1
718,0,0.5590205901877177,1
719,1,0.7108384639136879,1
720,1,0.6514776796691728,1
721,0,0.26057442022676847,0
722,0,0.6541070322510554,1
723,0,0.4801189087088493,0
724,0,0.30484810713395927,0
725,0,0.4088964881237929,0
726,0,0.6380327257940995,1
727,1,0.3213066892549108,0
728,1,0.40614192993247217,0
729,0,0.608893994740575,1
730,1,0.6419555456264537,1
731,0,0.2619111020660257,0
732,1,0.729096720868621,1
733,0,0.32573831015031174,0
734,1,0.4969770891257778,0
735,0,0.25786098156937126,0
736,0,0.6958571165545172,1
737,0,0.5538336841185528,1
738,1,0.6298406719665236,1
739,0,0.2157295926859289,0
740,0,0.5927398913612938,1
741,1,0.6663493465191079,1
742,0,0.3513787965030905,0
743,1,0.3477736418035257,0
744,0,0.3622509386360827,0
745,1,0.5195111337428221,1
746,0,0.5253333572044365,1
747,0,0.6966160326955143,1
748,1,0.7256867116282284,1
749,0,0.46723259517160076,0
750,1,0.5187690844868161,1
751,1,0.5717241895139341,1
752,1,0.8103967766513595,1
753,0,0.38818449463225435,0
754,1,0.34297796881277975,0
755,0,0.4207288744474761,0
756,0,0.45328283955336623,0
757,0,0.7029744306229521,1
758,1,0.3249895637051101,0
759,0,0.32315229682101476,0
760,1,0.43890024153666013,0
761,1,0.47668998020333575,0
762,1,0.7621616144418,1
763,0,0.7726353987951248,1
764,1,0.5642617542544623,1
765,0,0.27161545412502536,0
766,0,0.3498521865158128,0
767,1,0.5715814768741809,1
768,1,0.6061439675981792,1
769,1,0.6105520304459515,1
770,1,0.8502205397933682,1
771,0,0.7645926368044804,1
772,0,0.39478097687231445,0
773,1,0.5538836597328047,1
774,1,0.6317301304851363,1
775,1,0.38045280295738343,0
776,1,0.6778361234588456,1
777,0,0.49113195675949795,0
778,1,0.2389765156432329,0
779,1,0.8390034311726108,1
780,1,0.44817500311694164,0
781,1,0.5867070728311081,1
782,0,0.285319930116125,0
783,1,0.6354818171187235,1
784,0,0.2670437092656258,0
785,0,0.6034844958140736,1
786,1,0.5519741230170527,1
787,0,0.3965413899646019,0
788,0,0.26590446191898137,0
789,1,0.44787573006294357,0
790,0,0.5496646303094979,1
791,1,0.38614848282982506,0
792,0,0.28412767291797764,0
793,0,0.5786645773383327,1
794,1,0.4108836207966345,0
795,0,0.3035208803158029,0
796,0,0.4023495299992699,0
797,1,0.7040217428942954,1
798,1,0.7837898509306304,1
799,1,0.3949593324467653,0
800,1,0.8789015464309773,1
801,1,0.5769320607082873,1
802,1,0.7258226915403572,1
803,0,0.35936610125713325,0
804,0,0.5630303842827042,1
805,1,0.6894977971828754,1
806,0,0.4342390951221884,0
807,1,0.5171402253093403,1
808,0,0.7774399868407776,1
809,1,0.573617611711123,1
810,0,0.30254245406800784,0
811,0,0.6278555657211226,1
812,1,0.7797088046131906,1
813,0,0.5296079736936328,1
814,1,0.6162840830835707,1
815,0,0.38289075500920466,0
816,0,0.5199868280656346,1
817,1,0.6097009421179516,1
818,1,0.6393706237256566,1
819,1,0.38873707907643973,0
820,1,0.45534358971047095,0
821,1,0.7372227027825573,1
822,0,0.3936768086182141,0
823,1,0.8047494858333437,1
824,0,0.37412159442161547,0
825,1,0.4998029301315131,0
826,1,0.8301338303484785,1
827,1,0.5633774473193963,1
828,1,0.612102729287518,1
829,0,0.4222734517120304,0
830,0,0.6470985244395372,1
831,0,0.4423315116403335,0
832,0,0.491050855948895,0
833,1,0.3930296374271815,0
834,0,0.5669028885146854,1
835,1,0.6854342483454664,1
836,0,0.42785617766694195,0
837,1,0.6443157314387498,1
838,0,0.2038251560515678,0
839,0,0.4740978486304151,0
840,0,0.7104900763570268,1
841,0,0.4202298249442036,0
842,1,0.36039641578922366,0
843,1,0.5318874115671551,1
844,1,0.5631191248530621,1
845,0,0.5221073364241059,1
846,1,0.6391768475998897,1
847,0,0.334645371041611,0
848,1,0.3885238338411106,0
849,1,0.4875591779496267,0
850,1,0.5663401711520824,1
851,1,0.4177594123681751,0
852,1,0.7018354306772256,1
853,0,0.43875987145683143,0
854,1,0.6985101707606685,1
855,1,0.4735152416332967,0
856,0,0.3954641544324077,0
857,1,0.5915540884417425,1
858,0,0.2788309734231114,0
859,1,0.4223966089177585,0
860,0,0.3150270850838973,0
861,1,0.6266669863895287,1
862,0,0.3774437962265945,0
863,0,0.42010271473411603,0
864,1,0.6689307731524318,1
865,1,0.4871079072438641,0
866,1,0.5060191775172408,1
867,0,0.8012154486704944,1
868,1,0.8298820674597559,1
869,0,0.40792523500473027,0
870,1,0.6593661538857252,1
871,0,0.6020349991002242,1
872,0,0.37883912771012906,0
873,0,0.3643075111701409,0
874,1,0.7480013174076476,1
875,1,0.669014279823773,1
876,0,0.40610595812876404,0
877,0,0.524183019030034,1
878,0,0.35878006109362176,0
879,0,0.35470554484219485,0
880,0,0.49565728457003155,0
881,0,0.6411760155767855,1
882,1,0.48352446073967115,0
883,1,0.3042988414820551,0
884,1,0.7471415495766216,1
885,1,0.5812102974853558,1
886,1,0.6634178271718727,1
887,1,0.7687655903993816,1
888,1,0.34706775384071314,0
889,1,0.3531278780646512,0
890,0,0.2911787835534664,0
891,0,0.4777298909610147,0
892,1,0.6062043820018734,1
893,1,0.7021666584226643,1
894,0,0.23599601417363905,0
895,1,0.7156565789143321,1
896,1,0.4610726849345463,0
897,0,0.27128234940861196,0
898,0,0.3638854936634078,0
899,0,0.28126588487032955,0
900,1,0.7824899829085744,1
901,0,0.8034228576011627,1
902,1,0.6765641937112231,1
903,1,0.518830675835008,1
904,0,0.5898596887159115,1
905,0,0.38195394914584463,0
906,1,0.5557731133594608,1
907,1,0.6919456470379163,1
908,0,0.47074994962176314,0
909,0,0.4477524691745376,0
910,0,0.8403663485656202,1
911,0,0.5610621077893014,1
912,1,0.4782687182371705,0
913,1,0.8298756273760212,1
914,0,0.4305741067191965,0
915,0,0.7738311662021956,1
916,1,0.674812140034951,1
917,0,0.8717872127129943,1
918,1,0.6712774859348596,1
919,0,0.29260119101396204,0
920,0,0.3285823006528125,0
921,0,0.3551908141342089,0
922,0,0.6607918512384643,1
923,0,0.3293063523030299,0
924,0,0.5953748568102565,1
925,1,0.7924015033805388,1
926,1,0.535066844688005,1
927,0,0.6453144526072446,1
928,0,0.5783169018592009,1
929,1,0.46827287285514346,0
930,1,0.5919447182456269,1
931,1,0.6308744446417142,1
932,0,0.4209609667195112,0
933,1,0.6648838722129854,1
934,0,0.5879541458140393,1
935,1,0.4480143982831642,0
936,0,0.478082854621804,0
937,0,0.5175343672798604,1
938,0,0.4402731876754425,0
939,1,0.6013354029453974,1
940,1,0.6219515998115922,1
941,0,0.802056499618423,1
942,0,0.4980282462174428,0
943,0,0.4613444865412135,0
944,1,0.3566765390908738,0
945,0,0.4300056733855709,0
946,0,0.4698074729640903,0
947,1,0.2666603258632197,0
948,0,0.253744716604162,0
949,0,0.30896898668507683,0
950,1,0.6255489884227258,1
951,1,0.697400028487262,1
952,1,0.4084318458053196,0
953,1,0.6854743814151639,1
954,1,0.39770944578221373,0
955,0,0.2631720259509167,0
956,1,0.612406333323402,1
957,0,0.4243198782968271,0
958,0,0.28541321481187815,0
959,0,0.28938991508475953,0
960,1,0.7884782050701585,1
961,0,0.42057900025342143,0
962,0,0.4072320457553923,0
963,0,0.46181852075774965,0
964,0,0.5943615787173553,1
965,1,0.4863122005571496,0
