Feature_Position,Feature,Required,Model_Version
1,age,True,HealthConnect_Week8_Final_LR
2,booking_lead_days,True,HealthConnect_Week8_Final_LR
3,previous_appointments,True,HealthConnect_Week8_Final_LR
4,previous_no_shows,True,HealthConnect_Week8_Final_LR
5,distance_to_clinic_km,True,HealthConnect_Week8_Final_LR
6,booking_month,True,HealthConnect_Week8_Final_LR
7,booking_day_of_week,True,HealthConnect_Week8_Final_LR
8,booking_day_of_year,True,HealthConnect_Week8_Final_LR
9,booking_week_of_year,True,HealthConnect_Week8_Final_LR
10,appointment_month,True,HealthConnect_Week8_Final_LR
11,appointment_day_of_year,True,HealthConnect_Week8_Final_LR
12,appointment_week_of_year,True,HealthConnect_Week8_Final_LR
13,gender_Male,True,HealthConnect_Week8_Final_LR
14,gender_Prefer not to say,True,HealthConnect_Week8_Final_LR
15,age_group_25-34,True,HealthConnect_Week8_Final_LR
16,age_group_35-44,True,HealthConnect_Week8_Final_LR
17,age_group_45-54,True,HealthConnect_Week8_Final_LR
18,age_group_55-64,True,HealthConnect_Week8_Final_LR
19,age_group_65+,True,HealthConnect_Week8_Final_LR
20,appointment_type_Follow-up,True,HealthConnect_Week8_Final_LR
21,appointment_type_General Consultation,True,HealthConnect_Week8_Final_LR
22,appointment_type_Specialist Consultation,True,HealthConnect_Week8_Final_LR
23,appointment_day_Monday,True,HealthConnect_Week8_Final_LR
24,appointment_day_Saturday,True,HealthConnect_Week8_Final_LR
25,appointment_day_Sunday,True,HealthConnect_Week8_Final_LR
26,appointment_day_Thursday,True,HealthConnect_Week8_Final_LR
27,appointment_day_Tuesday,True,HealthConnect_Week8_Final_LR
28,appointment_day_Wednesday,True,HealthConnect_Week8_Final_LR
29,appointment_time_Evening,True,HealthConnect_Week8_Final_LR
30,appointment_time_Morning,True,HealthConnect_Week8_Final_LR
31,reminder_sent_Yes,True,HealthConnect_Week8_Final_LR
32,reminder_channel_No Reminder,True,HealthConnect_Week8_Final_LR
33,reminder_channel_SMS,True,HealthConnect_Week8_Final_LR
34,reminder_channel_WhatsApp,True,HealthConnect_Week8_Final_LR
35,is_sunday_appointment_1,True,HealthConnect_Week8_Final_LR
36,history_x_lead_time,True,HealthConnect_Week8_Final_LR
37,distance_x_lead_time,True,HealthConnect_Week8_Final_LR
38,history_interaction,True,HealthConnect_Week8_Final_LR
